Year,Title,Название,Genre,Director,Actors,Mark,Comment
1954,Shichinin no samurai,Семь самураев,,Акира Куросава,,6,"Олдскул, типа классика и всё такое."
1961,Человек идёт за солнцем,Человек идёт за солнцем,,,,S,Великолепно.
1964,Dr. Strangelove or: How I Learned to Stop Worrying and Love the Bomb,Доктор Стрэнджлав или как я перестал беспокоиться и полюбил атомную бомбу,,,,,
1972,The harder they come,Тернистый путь,,,,5,Биопик про реггей артиста (хасла) с Ямайки прямо.
1973,American graffiti,Американское графити,,,,S,
1976,Taxi driver,Таксист,,,,,
1979,More american graffiti,Американское графити 2,,,,S,
1979,Apocalypse Now,Апокалипсис сегодня,,Francis Ford Coppola,,9,"Великолепно. Возможно слегка перегузили с философствованием, но снято просто шикарно. Плюс мне в целом нравится психологическое дерьмо, поэтому только 10 из 10!"
1981,Christiane F. - Wir Kinder vom Bahnhof Zoo,Дети со станции Зоо,,,,9,"Великолепный фильм, всё строго по делу, ни одной лишней сцены. На игле отдыхает."
1982,Blade Runner,Бегущий по лезвию,,Ridley Scott,,8,"Отличный киберпанк, великолепный саундтрек и съёмки."
1984,Любовь и голуби,Любовь и голуби,,,,8,Классика.
1984,Repo man,Конфискаторы,,,,S,
1986,Pretty in pink,Девушка в розовом,,,,S,
1986,They Were Eleven!,Их было одиннадцать,,,,7,Анимэха. Достойно.
1987,Less Than Zero,Меньше нуля,,,,,
1987,Full Metal Jacket,Цельнометаллическая оболочка,,Stanley Kubrick,,7,Очень хороший стафф.
1988,アキラ,Акира,,Katsuhiro Otomo,,10,"Культовое аниме. Великое. В 1988 году, когда я родился, Кацухиро Отомо выпустил аниме, которое до сих пор никто не переплюнул по многим критериям: это подробно нарисованный фильм, где каждый кадр можно распечатать и повесить на стенку. В «Акире» невероятная прорисовка всего, до сих пор не понимаю, как они это сделали, наверное, у Отомо в рабстве был целый цех художников. И сюжет там такой, что ты два часа пялишься в экран, не в силах предугадать, что же случится дальше. Если вы терпеть не можете аниме, но хотите понять, почему многие его так любят, то «Акиру» надо смотреть в самую первую очередь."
1990,Goodfellas,Славные парни,,Martin Scorsese,,6,"Неплохо, фильм Скорсезе мафия и все дела"
1991,The doors,Дорз,,,,5,биопик дорз. Так себе.
1991,Облако рай,Облако рай,,,,7,"91 год один из последних советских фильмов. Слайс, конец ссср, жёсткий анутраж. Смотреть аккуратно."
1991,The Silence of the Lambs,Молчание ягнят,,,,7,"Хорошо, люблю триллеры, плюс актеры."
1992,Singles,Одиночки,,,,S,
1997,Mononoke-hime,Принцесса Мононокэ,,Hayao Miyazaki,,10,Шедевр.
1999,"Girl, Interrupted",Прерванная жизнь,,,,,
1999,American pie,Американский пирог 1,,,,S,"Армянский пирог, блять =) Хачапури, ёбты."
2000,Memento,Помни,,,,,
2003,The Animatrix,Анимтрица,"Animation, Action, Sci-Fi",Takeshi Koike,,8,Естественно культовая вещь.
2006,パプリカ,Паприка,"Animation, Mystery, Sci-Fi",Satoshi Kon,,8,"Аниме о свободе и сопротивлении. Формально — история о женщине, которая проникает в пространство чужих снов и вступает в борьбу с психопатами, решившими подмять под себя тонкий мир. На деле — рассказ о том, как победить в духовной войне. Напоминает лучшие книги Филипа К. Дика. Действие непредсказуемо."
2006,The Departed,Отступники,,Martin Scorsese,,6,"Дикаприо, Николсон, Дэймон. По-мне скучновато."
2007,秒速5センチメートル,5 сантиметров в секунду,,Makoto Shinkai,,9,Макото Синкай
2007,Vexille,Агент Вексилл,"Animation, Action, Sci-Fi",,,4,"Хоть и Sc-fi, но скучновато."
2008,Мы из будущего,Мы из будущего,,,,,
2008,Hulk,Халк,,,,S,
2008,Seuls two,Мы — легенды,,,,S,Тупняк французкий
2009,Pepperminta,Пепперминта,,,,7,Сюр
2009,Repochick,Конфискаторы 2,,,,S,
2009,Redline,Красная черта,"Animation, Action, Sci-Fi",Takeshi Koike,,8,"Отличный аниме-фильм, дизайн и графика на великолепном стиле."
2010,"Ultramarines A Warhammer 40,000",Ультрамарины,,,,4,Исключительно для фэнов.
2010,Scott Pilgrim vs. the World,Скот Пилгрим против всех,,,,7,неплохо
2010,Unthinkable,Немыслимое,,,,,
2011,Moneyball,Человек который изменил всё.,,,,7,Бред Питт good stuff
2011,Warior,Воин,,,,S,ничего так.
2011,Twixt,Между,"Horror, Thriller",Francis Ford Coppola,,7,Неплохо. история о писателе страшных рассказов попавшего в странный городок.
2011,Tekken - Blood Vengeance,Теккен: Кровная месть,,,,6,Красочная анимация. Хоть и строго для фэнов Тэккен.
2012,Man in black 3,Люди в чёрном 3,,,,5,Так себе кино.
2012,Trouble with the Curve,Кручёный мяч,,,,6,Клинт Иствуд
2012,Prometheus,Прометей.,,,,7,Круто
2012,Snow wite and the huntsman,Белоснежка и охотник.,,,,5,"всё бы ничего, если бы не это уёбище."
2012,Sans issue,Средь бела дня,,,,s,не тянет
2012,Astérix et Obélix: Au service de Sa Majesté,Астерикс и Обеликс в Британии,,,,s,шляпа какая-то
2012,Looper,Петля времени,,,,6,разве что Брюсик и Эмили Блант
2012,Бригада: наследник,Бригада: наследник,,,,,
2012,Президент Линкольн: Охотник на вампиров,Президент Линкольн: Охотник на вампиров,,,,s,"а ничего так, сойдёт."
2012,Seven Psychopaths,7 психопатов,,,,S,так себе.
2012,Killing Them Softly,Ограбление казино,,,,s,а хорошо
2012,The Bourne Legacy,Превосходство Борна.,,,,s,не фонтан
2012,Broken,Сломленые,,,,S,Tim Roth
2012,The Watch,Наблюдатели.,,,,S,"Richard Ayoade, а так шляпа с полями."
2012,Ted,Третий лишний,,,,s,не фонтан
2012,The Amazing Spider-Man,Спайдермен 3,,,,s,хуита
2012,Ice Age 4: Continental Drift,Ледниковый период 4,,,,s,пойдёт
2012,Total recall,Вспомнить всё,,,,s,не фонтан
2012,Духлесс,Духлесс,,,,s,не тянет
2012,The Collection 2,Коллекционер,,,,s,Мне норм
2012,Resident Evil: Retribution,Обитель зла: возмездие,,,,S,Хуита нелаепая.
2012,The Five-Year Engagement,Немножко женаты,,,,S,"а что, неплохо. (Маршал, ёпти)"
2012,Step Up revolution,Шаг вперед 4,,,,s,отплясывают хорошо.
2012,The Dark Knight Rises,Бэтман 4,,,,s,нелепо.
2012,The Campaign,Грязная кампания за честные выборы,,,,s,нарм
2012,Rock of ages,Рок на века,,,,S,"Брайан Крэнстон, а ещё там Том Круз, поэтом не фонтан."
2012,The Hobbit: An Unexpected Journey,Хоббит: неожиданное путешествие,,,,s,нарм
2012,Universal soldier: day of reconing,Универсальный солдат 4,,,,S,"Скука, но снято неплохо."
2012,Chinese Zodiac,Доспехи бога 3: Миссия зодиак,,,,s,"Старина Джеки, классные трюки."
2012,Lawless,Самый пьяный округ в мире,,,,s,неплохо
2012,Cloud Atlas,Облачный атлас,,,,s,хорошо
2012,The perks of being a wallflower,Хорошо быть тихоней,,,,s,Эмма Уотсон. Девочке понравится.
2012,Мужчина на расхват,Мужчина на расхват,,,,,
2012,Here comes the boom,Толстяк на ринге,,,,s,неплохо
2012,The first time,В первый раз,,,,S,"Задумка неплохая, персонажи. Реализация — сопли ёбаные"
2012,Las aventuras de Tadeo Jones,Тэд Джонс и тайна затерянного города,,,,,
2012,The Odd Life of Timothy Green,Странная жизнь Тимоти Грина,,,,,
2012,Laurence Anyways,В любом случае Лоранс,,,,S,"Строго на любителя, но мне понравился это арт-хаус"
2012,Inside Llewyn Davis,Внутри Льюэна Дэвиса,,,,5,Фильм собрал кучу наград. Мне показался очень средненьким.
2012,The Hunger Games,Голодные игры,,,,3,Шляпа с полями.
2013,The Lone Ranger,Одинокий рэйнджер,,,,s,Скука.
2013,Django Unchained,Джанго Освобождёнынй,,,,8,Круто
2013,A Good Day to Die Hard,Крепкий орешек: хороший день чтобы умереть,,,,s,хуита
2013,Iron Man 3,Железный человек 3,,,,s,"гуд, экшон."
2013,The Fast and the Furious 6,Форсаж 6,,,,s,понравилось.
2013,The Great Gatsby,Великий Гэтсби,,,,7,лео дикаприо. Очень хорошо.
2013,Hansel and Gretel: Witch Hunters,Охотники на ведьм,,,,s,мяско
2013,Vehicle 19,Тачка 19,,,,S,шляпа
2013,42,42,,,,S,"Бейсбол, рассизм."
2013,The Drift,Дрифт,,,,S,про австралийских сёрферов.
2013,G.I. Joe 2,Бросок кобры 2,,,,s,Хуита нелаепая.
2013,Oblivion,Обливион,,,,s,неплохо
2013,World war Z,Война миров Z,,,,S,Брэд Питт
2013,Hummingbird,Эффект коллибри,,,,S,Стэтэм
2013,Drinking buddies,Собутыльники,,,,S,Оливия Уаилд
2013,I Spit on Your Grave,Я плюю на ваши могилы,,,,,
2013,Grown Ups 2,Одноклассники 2,,,,,
2013,Kick-ass 2,Пипец 2,,,,S,Не особо.
2013,Mama,Мама,,,,,
2013,The Conjuring,Заклятье,,,,,
2013,Maniac,Маньяк,,,,,
2013,Pain & Gain,Кровью и потом: Анаболики,,,,,
2013,Что творят мужчины!,Что творят мужчины!,,,,,
2013,Identity thief,"Поймай толстуху, если сможешь",,,,,
2013,R.I.P.D.,Призрачный патруль,,,,S,"Хорошая комедия, запоминающиеся персонажи, диалоги, спецэфекты на уровне."
2013,Now You See Me,Иллюзия обмана,,,,s,
2013,Gravity,Гравитация,,,,7,
2013,,Агент под прикрытием,,,,,
2013,,Эпик,,,,,
2013,,Университет монстров,,,,,
2013,Justice league The Flashpoint paradox,Лига справедливости: Парадокс источника конфликта,,,,s,Достойный мульт.
2013,,После нашей Эры,,,,,
2013,Internship,Кадры,,,,s,Слабо. Типа вдохновляющая шляпа от чуваков выглядит неубедительно.
2013,,Прекрасные создания,,,,,
2013,,Мерзлая земля,,,,,
2013,The Heat,Копы в юбках,,,,,Не особо.
2013,Star Trek Into Darkness,Стартрек. Возмездие,,,,,Good
2013,Man of steel,Человек из стали,,,,S,не фонтан
2013,Elysium,Элизиум. Рай на земле.,,,,s,Фигня
2013,Pacific Rim,Тихоокеанский рубеж,,,,s,
2013,The Last Stand,Возвращение героя,,,,,
2013,The Croods,Семейка Крудс,,,,,
2013,Red 2,Ред 2,,,,S,Шляпа для пенсионеров. Только Энтони Хопкинс неплох.
2013,Riddik 2013,Риддик,,,,S,Не оче
2013,Kokowaah 2,Соблазнитель 2,,,,S,Тиль Швайгер. Хуита.
2013,Millers,Миллеры.,,,,S,Хорошо.
2013,The Wolverine,Росомаха: Бессмертный,,,,S,Хрень.
2013,The Philosophers,Философы: Урок выживания,,,,S,Приятный фильм. Урок философии.
2013,The Family,Малавита,,,,S,Довольно угарное кинцо. Роберт де Ниро.
2013,Capitan Fillips,Капитан Филлипс,,,,S,"Фильм про сомалийских пиратов и америку, Том Хэнкс."
2013,Homefront,Последний рубеж,,,,4,Стэтэм в шляпе с козырьком.
2013,Rush,Гонка,,,,S,средненькое кино о противостоянии двух пилотов F1
2013,Thor: The Dark World,Тор 2: Царство тьмы,,,,S,Фигня. Но Хопкинс вообщем-то красавчик и сдесь.
2013,Gravity,Гравитация,,,,7,"Отлично. Но в конце гг уж больно весёлая стала, хотелось бы по-мелодраматичнее всё."
2013,The Wolf of Wall Street,Волк с Уолл-стрит,,,,7,Неплохо.
2013,CBGB,Клуб «CBGB»,,,,6,Интересно.
2013,Jackass Presents: Bad Grandpa,Несносный дед.,,,,3,Шляпа в стиле Jackass
2013,American Hustle,Афера по-фмерикански,,,,7,Неплохо.
2013,The Railway Man,Возмездие,"Drama, Biopic",,,6,Не самая плохая драматическая история.
2013,47 Ronin,47 Ронинов,,,,S,
2013,The Fifth Estate,Пятая власть,,,,6,Good
2013,The Spectacular Now,Захватывающее время,,,,S,"Мелодрама для подростков, но достаточно искренне и убедительно."
2013,Географ глобус пропил.,Географ глобус пропил.,,,,5,Посредственно.
2013,The Lovelace,Ловлэйс,,,,S,Биопик про порноактрису снявшуюся в Глубокая глотка.
2010,The Experiment,Эксперимент,,,,,
2013,Grown Ups 2,Одноклассники 2,Comedy,,,4,"Комедия с Адамом Сэндлером. Если хочется ненапряжного тупняка, то будет неплохой выбор."
2006,Renaissance,Ренессанс,"Animation, Action, Sci-Fi",,,3,Скука смертная.
2001,Millennium Actress,Актриса тысячелетия,"Animation, Drama, Fantasy",,,9,Отличная вещь!
1995,The Usual Suspects,Подозрительные лица,"drama, neonoir",,,7,Очень хорошо. Играет Кевин Спэйси.
1995,Memories,Воспоминания о будущем,Animation,,,8,"авторское аниме Кацухиро Отомо, вышедшее в 1995 году, экранизация трех манга-новелл."
2011,Red state,Красный штат,"Drama,thriller",,,5,Средненько.
1992,Hard boiled,Круто сваренные,,,,6,Модный боевик от Джона Ву.
1990,Dances with Wolves,Танцующий с волками,,,Kevin Costner,6,История о взаимоотношениях американцев с индейцами. Нелохо.
1957,12 Angry Men,12 рaзгневанных мужчин,"Crime, Drama",,,8,"американская классика, отличное кино."
2011,Generation П,Generation П,,,,5,"книга хорошо, данная адаптация неплохая."
2010,Shutter Island,Остров проклятых,"Mystery, Thriller",,Leonardo DiCaprio,8,"прямо очень хорошо, рекомендую."
1979,Alien,Чужой,"Horror, Sci-Fi",,Sigourney Weaver,8,Классика.
1986,Aliens,Чужие,"Action, Adventure, Sci-Fi",,Sigourney Weaver,7,Классика. Тут уже больше экшона.
1992,Alien³,Чужoй 3,"Action, Horror, Sci-Fi",,Sigourney Weaver,6,хорошо.
1997,Alien: Resurrection,Чужoй 4: Воскрешение,"Action, Horror, Sci-Fi",,Sigourney Weaver,6,По-прежнему довольно неплохо.
2004,AVP: Alien vs. Predator,Чужой против Хищника,"Action, Horror, Sci-Fi",,,3,
2007,AVPR: Aliens vs Predator – Requiem,Чужие против Хищника: Реквием,,,,2,
2009,Assault girls,Штурмовые девочки,"Action, Sci-Fi",,,4,нихуя не понял.
2001,Avalon,Авалон,"Action, Drama, Fantasy",,,7,а вот этот фильм Мамору хорош.
2005,King Kong,Кинг Конг,,,,6,
2006,A Scanner Darkly,Помутнение,"Animation, Crime, Drama",,,6,хорошо.
1984,Once Upon a Time in America,Однажды в Америке,"Crime, Drama",,,8,бесспорная классика
1999,The Thirteenth Floor,Тринадцатый этаж,"Mystery, Sci-Fi, Thriller",,,8,"очень хорошо, этот стафф по мне."
1991,JFK,Джон Ф. Кеннеди: Выстрелы в Далласе,,,,6,неплохо
2013,The Zero Theorem,Теорема Zero,,,,6,неплохо
2006,A Scanner Darkly,Помутнение,,,"Keanu Reeves, Winona Ryder, Robert Downey Jr.",6,
2014,The hobbit: desolation of Smaug,Пустошь Смауга,,,,7,Красиво.
2014,Robocop,Робокоп,,,,5,
2014,Pompeii,Помпеи,,,,S,
2014,300: Rise of an Empire,300 спартанцев: Расцвет империи,,,,S,
2014,Need for speed,need for speed: жажда скорости,,,,6,
2014,22 Jump street,Мачо и ботан 2,,,,5,Funny
2014,Malificenta,Малифисэнта,,,,6,
2014,Sin city 2,Город грехов 2,,,,6,
2014,X-Men Days of Future Past,Люди икс. Дни минувшего будующего,,,,6,Весьма неплохо.
2014,Transformers: Age of Extinction,Трансформеры: Эпоха истребления,,,,2,Хуйня. Роботы с глазами на корабле локдауна выбесили.
2014,Sex tape,Домашнее видео,,,,5,Маршал.
2014,Guardians of the Galaxy,Стражи галактики,,,,7,Годно.
2014,Lucy,Люси,,,,6,неплохо.
2014,The Maze Runner,Бегущий в лабиринте,,,,2,Лажа.строго для школьника.
2014,Горько 2,Горько 2,,,,3,
2014,Hercules,Геракл,,,,6,Неплохо.
2014,The Hobbit: The Battle of the Five Armies,Хобит 3: Битва пяти воинств,,,,7,Достойно
2014,Birdman,Бёрдмэн,,,,8,Достойно
2014,The Imitation Game,Игра в имитацию,,,,7,"Неплохо, понравилось."
2014,Левиафан,Левиафан,,,,7,"Фильм не из приятных, но очень достойно."
2014,Как я провёл этим летом,Как я провёл этим летом,,,,7,"Мне понравилось, есть нотки триллера, держит в напряжении."
2014,Дурак,Дурак,,,,7,Достойно
2014,Духless 2,Духless 2,,,,3,Проходняк
2014,Kein System ist sicher,Кто я,,,,6,"Немецкий фильм о хакерах, довольно неплохо."
2014,Gone girl,Исчезнувшая,,David Fincher,,7,хорошо. Закрученный сюжет.
2014,Horrible Bosses 2,Несносные боссы 2,,,,3,довольно дебильная такая комедия.
2014,Inherent Vice,Врожденный порок,,,,5,"детективная история в антураже LA 70-80х, наркотики, хиппи, полиция, частный сыщик, к просмотру не рекомендую."
2015,Jupiter Ascending,Восхождение Юпитер,,,,2,Хуйня на постном масле.
2015,Furious seven,Форсаж 7,,,,4,"Плохо. Мало тачек, много пулек."
2015,Mad Max: Fury Road,Безумный Макс: Дорога ярости,"боевик, фантастика, приключения",George Miller,,8,Отличный экшон.
2015,The Martian,Марсианин,,,,7,неплохой сайфай
2015,Jurassic World,Мир Юрского периода,,,,1,Абсолютно нелепая хуйня.
2015,Aloha,Алоха,,,,6,"Бредли Купер, Эмма Стоун и Рэйчел Макадамс"
2015,Avengers: Age of Ultron,Мстители: Эра Альтрона,,,,7,неплохо
2015,Hitaman Agent 47,Хитман Агент 47,,,,4,весьма посредственно.
2015,Terminator Genisys,Терминатор: Генезис,"фантастика, боевик, триллер",Alan Taylor,,6,на один раз
2015,Fantastic Four,Фантастическая четверка,,,,5,строго для любителя комиксов.
2015,Pixels,Пиксели,,,,3,непритязательная комедия
2015,Chappie,Чаппи,,,,5,в главных ролях Die Antwoord
2015,Crimson peak,Багровый пик,"ужасы, фэнтези, триллер, драма, мелодрама, детектив",Guillermo del Toro,,7,достойно
2015,Ant-Man,Человек-Муравей,,,,6,"строго на один раз, проходняк."
2015,Dope,Наркотик,,,,2,"по-детски расссказывается о жизни банд, наркодиллеров, хип-хоп культуре."
2015,Straight Outta Compton,Голос улиц,"Biography, Drama, Music",,,5,биопик о культовой рэп-команде N.W.A.
2014,The Grand Budapest Hotel,Отель гранд Будапешт,,,,,
2015,McFarland,Тренер,"Biography, Drama, Sport",,,7,Споритвная драма о команде по бегу из неблагополучного штата. Мне понравилось.
2014,Big Eyes,Большие глаза,"Biography, Crime, Drama",Tim Burton,,5,Неплохой биопик о карьере женщины - художника в условиях Америки 50-х.
2015,The Last Witch Hunter,Последний охотник на ведьм,"Action, Adventure, Fantasy",,,5,Фэнтази про ведьм с Вин Дизель. Не так уж и плохо вышло.
2015,Ex Machina,Из машины,"Drama, Mystery, Sci-Fi",Alex Garland,,8,Люблю такие фильмы.
2015,Inside Out,Головоломка,,,,2,"Детский диснеевский мультик, студия Пиксар."
2015,The SpongeBob Movie: Sponge Out of Water,Губка Боб в 3D,,,,4,"мне нравится эксперименты в этом мульте, но я абсолютно не фанат Спанчбоба, поэтому как и ожидалось остался не в восторге."
2014,Pawn Sacrifice,Жертвуя пешкой,,,,6,Неплохой фильм про мир шахмат в период холодной войны
2015,Chi-Raq,Чирак,,,,1,"абсолютная фигня, причём ещё и нишевая."
2014,Transcendence,Превосходство,,,,6,"Неплохо, играет Depp."
2014,Maggie,Зараженная,"Drama, Triller",,,5,История про то как дочь фермера постепенно превращается в зомби. Играет Арни.
2015,Spectre,007: Спектр,,,,7,Очередная история про Бонда. Снято нелохо.
2015,Creed,Крид: Наследие Рокки,"drama, sport",,,6,продолжение истории про Роки Бальбоа.
2014,The Water Diviner,Искатель воды,drama,Russell Crowe,Russell Crowe,6,Драма по мотивам окончания 1 мировой войны
2015,The End of the Tour,Конец тура,drama,,Jason Segel,7,"Вроде ничего особенного, но меня зацепило."
2015,Legend,Легенда,"criminal, thriller",,Tom Hardy,7,"Снято на достойном стиле, красиво."
2015,In the Heart of the Sea,В сердце моря,,Ron Howard,Chris Hemsworth,6,"История про китобоев, Моби Дик, все дела. Довольно красиво."
2015,Steve Jobs,Стив Джобс,"Biography, Drama",,,4,"очередной биопик про Джобса, довольно слабо."
2015,Sicario,Наёмник,"Action, Crime, Drama",,"Emily Blunt, Benicio Del Toro",7,"достойно, мне даже понравилось."
2015,Black Mass,Черная месса,"drama, criminal",,Johnny Depp,5,Нелохой фильмец на один раз.
2015,Self/less,Вне/себя,,,,6,"Понравилась сама идея, но реализация не на высоте."
2015,Star Wars: The Force Awakens,Звёздные войны: Пробуждение силы,,,,6,"раздражают дизайн персонажей, костюмов, техники и вообще данная сага у меня не в фаворе."
2015,Hardcore Henry,Хардкор,,,,3,"Пара неплохо снятых сцен, в остальном хуйня-хуйней, русские актеры играют паршиво."
2014,John Wick,Джон Уик,,,Keanu Reeves,5,
2014,Garm Wars: The Last Druid,,"Action, Sci-Fi, Thriller",Mamoru Oshii,,4,"Довольно слабо, это не холливуд всё-таки."
2015,Demolition,Разрушение,,,"Jake Gyllenhaal, Naomi Watts",5,
2016,The Revenant,Выживший,"Adventure, Drama, Thriller",Alejandro G. Iñárritu,"Leonardo DiCaprio, Tom Hardy",8,"отличные съёмки, красиво показана природа."
2017,Blade Runner 2049,Бегущий по лезвию 2049,"Drama, Mystery, Sci-Fi",Denis Villeneuve,"Harrison Ford, Ryan Gosling, Ana de Armas",8,весьма хорошо.
2016,X-Men: Apocalypse,Люди Икс: Апокалипсис,"Action, Adventure, Sci-Fi",Bryan Singer,,7,"на фоне остальных кин про героев комиксов, это очень даже хорошо."
2016,The Girl on the Train,Девушка в поезде,"Drama, Mystery, Thriller",,Emily Blunt,7,"довольно неплохо, Блант играет хорошо."
2016,A Cure for Wellness,Лекарство от здоровья,"Drama, Fantasy, Horror",,,7,
2017,Dunkirk,Дюнкерк,"Action, Drama, History",Christopher Nolan,,7,
2017,Only the Brave,Дело храбрых,,Joseph Kosinski,,7,пожарный спецназ
2017,The Shape of Water,Форма воды,"Adventure , Drama , Fantasy",Guillermo del Toro,,7,
2016,Eddie the Eagle,Эдди 'Орёл',"Biography, Comedy, Drama",,,6,весьма неплохо.
2016,10 Cloverfield Lane,"Кловерфилд, 10","Drama, Horror, Mystery",,,6,"хорошая драма, занятная концовка."
2016,The Nice Guys,Славные парни,"Криминал, комедия",,"Russell Crowe, Ryan Gosling",6,"довольно забавно, плюс хороший состав актёров."
2016,Capitan America Civil War,Капитан Америка Гражданская Война,,,,6,неплохо.
2016,Sully,Чудо на Гудзоне,"Biography, Drama",Clint Eastwood,"Tom Hanks, Aaron Eckhart, Laura Linney",6,"достаточно хороший драматический фильм. Актеры, режиссёр."
2016,The Magnificent Seven,Великолепная семерка,,,,6,приличный вестрн.
2016,The Accountant,Расплата,,,Ben Affleck,6,хороший боевик.
2016,Miss.Peregrines home.for.peculiar.children,Дом странных детей Мисс Перегрин,"Adventure, Drama, Family",Tim Burton,Eva Green,6,"на удивление мне понравилось, особенно первая половина."
2016,Live by Night,Закон ночи,,Ben Affleck,Ben Affleck,6,неплохо.
2016,Silence,Молчание,"Adventure, Drama, History",Martin Scorsese,,6,
2017,Life,Живое,"Horror, Sci-Fi, Thriller",Daniel Espinosa,"Jake Gyllenhaal, Rebecca Ferguson, Ryan Reynolds",6,ну неплохой такой сайфай
2017,T2 Trainspotting,Т2: Трейнспоттинг,Drama,Danny Boyle,"Ewan McGregor, Ewen Bremner, Jonny Lee Miller",6,достойное продолжение.
2017,Kong: Skull Island,Конг: Остров черепа,"Action, Adventure, Fantasy",,,6,чуть выше среднего
2017,Mark Felt: The Man Who Brought Down the White House,,"Biography, Drama, History",,Liam Neeson,6,
2017,Thor: Ragnarok,Тор 3: Рагнарёк,"Action, Adventure, Comedy",,,6,забавно
2017,Three Billboards Outside Ebbing,,,,,6,весьма прилично
2016,Deadpool,Дэдпул,Comedy,,,5,строго на один раз смишнявка
2016,The Forest,Лес призраков,"Horror, Mystery, Thriller",,Natalie Dormer,5,"История не плохая, но как ужастик очень слабо."
2016,Pelé: Birth of a Legend,Пеле: Рождение легенды,"Biography, Drama, Sport",,,5,неплохо.
2016,The Huntsman: Winter's War,Белоснежка и охотник 2,"Action, Adventure, Drama",,"Charlize Theron, Emily Blunt, Chris Hemsworth",5,"сказочка не фонтан, но тут Терон и Блант."
2016,Star trek Beyond,Стартрек: Бесконечность,"Action, Adventure, Sci-Fi",,,5,"весьма средне, предыдущий Стартрек на порядок лучше."
2016,,Коллектор,,,Константин Хабенский,5,"Хорошо прописан текст, Хабенский весьма норм. Из минусов весь внутренний сюжетик про собаку и тётю ветеринара очень слабый."
2016,Hunt for the Wilderpeople,Охота на дикарей,"Adventure, Comedy, Drama",,,5,неплохо.
2016,Jason Bourne,Джейсон Борн,,,,5,абсолютно не оставил эмоции.
2016,The Great Wall,Великая стена,"Action, Adventure, Fantasy",,,5,неплохо.
2016,The Founder,Основатель,,,,5,not bad.
2016,Split,Сплит,"Horror, Thriller",,,5,
2016,The Assignment,Томбой,"Action, Crime, Thriller",,,5,
2016,La la land,,,,,5,не плохой такой мюзикл.
2017,Aftermath,Последствия,"Drama, Thriller",Elliott Lester,Arnold Schwarzenegger,5,"много драмы, неплохо, но фильм явно скорее для старшего поколения."
2017,John Wick: Chapter 2,Джон Уик 2,"Action, Crime, Thriller",,Keanu Reeves,5,хорошая постановка драк и обращения с оружием.
2017,Guardians of the Galaxy Vol. 2,Стражи Галактики. Часть 2,,,,5,первая часть намного лучше.
2017,Wonder Woman,Чудо-женщина,,,,5,"средненько, под пивко потянет."
2017,Power Rangers,Могучие рейнжеры,"Action, Adventure, Sci-Fi",,,5,сносный подростковый супергеройский кинчик
2017,King Arthur: Legend of the Sword,Меч короля Артура,"Action, Adventure, Drama",Guy Ritchie,,5,
2017,The dark tower,Темная башня,"Action, Adventure, Fantasy",Nikolaj Arcel,,5,неплохо
2017,Voice from the Stone,Голос из камня,"Drama, Mystery, Thriller",,,5,скучновато
2017,Justice League,Лига справедливости,"Action, Adventure, Fantasy",,,5,"средненько, под пивко потянет."
2017,Valerian and the City of a Thousand Planets,Валериан и город тысячи планет,"Action, Adventure, Fantasy",,,5,"актеры играют хреновенько, но в целом фильм интересный."
2016,Dirty Grandpa,Дедушка легкого поведения,Comedy,,Robert De Niro,4,американская комедия
2016,,Её звали Муму,Drama,Владимир Мирзоев,,4,"В целом даже неплохо. Но актеры играют посредственно, это всё портит."
2016,Inferno,Инферно,,,Tom Hanks,4,по книги Дэна Брауна. Из плюсов это Хэнкс и хорошие съёмки. Но сюжет и диалоги низкого качества.
2016,Skiptrace,Отпетые напарники,"Action, Adventure, Comedy",,"Jackie Chan, Johnny Knoxville",4,"возможно в 90-х такой фильм с Джеки проканал, но сейчас это выглядит весьма посредственно."
2016,Assassin's Creed,Кредо убийцы,,,,4,проходняк.
2017,Resident Evil: The Final Chapter,Обитель зла: Последняя глава,,,,4,посредственно.
2017,Ghost in the Shell,Призрак в доспехах,"Action, Crime, Drama",,Scarlett Johansson,4,"посредственно, лучше оригинал посмотреть."
2017,Время первых,Время первых,,Dmitriy Kiselev,,4,относительно неплохой получился фильм.
2017,Star Wars: Episode VIII - The Last Jedi,Звёздные войны: Последние джедаи,"Action, Adventure, Fantasy",,,4,"из плюсов – есть доля самоиронии, в остальном скучно"
2017,Hagane no renkinjutsushi,Стальной алхимик,,,,4,"фильм пересказывает сюжет первой арки, мне не понравилась актерская игра, слабовато."
2017,War for the Planet of the Apes,Планета обезьян: Война,"Action , Adventure , Drama",,,4,"много дешёвой драмы, строго для любителей макак."
2016,Central Intelligence,Полтора шпиона,"Action, Comedy, Crime",,,3,"Примитивная комедия, отвращение не вызывает, что уже является успехом."
2016,Swiss Army Man,Человек - швейцарский нож,"Adventure, Comedy, Drama",,,3,"Хрень, абсолютно ничего особенного. Есть мнение что это либо нравится, либо вызывает отвращение, по мне так серенькое кинцо, каких масса."
2016,Snowden,Сноуден,,,,3,весьма посредственно.
2017,Logan,Логан: Росомаха,"Action, Drama, Sci-Fi",,"Action, Drama, Sci-Fi",3,весьма посредственно.
2017,The mummy,Мумия,"Action, Adventure, Fantasy",,,3,хуита
2017,Pirates of the Caribbean: Dead Men Tell No Tales,Пираты Карибского моря: Мертвецы не рассказывают сказки,"Action, Adventure, Fantasy",,,3,"вторая половина фильма чуть получше, но в целом – хуита беспонтовая."
2017,Leatherface,Техасская резня бензопилой: Кожаное лицо,"Horror, Thriller",,,3,молодёжный ужастик.
2017,The fate of the furios,,,,,3,очередной форсажик
2016,Grimsby,Братья из Гримсби,"Action, Comedy",,,2,"ну вроде как стремящаяся смешнявка, но мне не вкатило."
2016,I.T.,Искусственный интеллект.,thriller,,,2,"херота, скукота"
2017,XXX: Return of XanderCage,Три икса: Мировое господство,,,,2,"есть пара красивых кадров, в остальном актёры, диалоги, постановка – лажа."
2017,Aritmiya,Аритмия,,Boris Khlebnikov,,2,"хуйня какая-то бытовая, может кому больше зайдёт."
2017,Zashchitniki,Защитники,russian shit,Sarik Andreasyan,,1,"бездарная, нелепая хуйня."
2017,Transformers: The Last Knight,Трансформеры: Последний рыцарь,,,,1,ебучая хуйня.
2018,Tomb Rider,Tomb Raider: Лара Крофт,,,,3,"низкий бюджет, актеры слабоваты."
2018,Ready Player One,Первому игроку приготовиться,"Action, Adventure, Sci-Fi",,,6,"ну я же геймер, омажиками подкупили."
2018,Black Panther,Чёрная Пантера,,,,5,неплохо
2018,Avengers Infinity War,Мстители: Война бесконечности,,,,5,комиксовая штука
2018,Deadpool 2,Дэдпул 2,"Action, Adventure, Comedy",,,6,"есть хорошие гэги, есть перчик местами, но это больше для фэнов комикса я полагаю."
2018,Loving Pablo,Эскобар,"Biography, Crime, Drama",,,6,сериал получше будет.
2018,Solo: A Star Wars Story,Хан Соло: Звездные войны. Истории,"Action, Adventure, Fantasy",Ron Howard,,5,"не фэн starwars, но этот спинофф неплох."
2018,Ant-Man and the Wasp,Человек-муравей и Оса,,,,3,херня по комиксам
2018,Sicario: Day of the Soldado,Убийца 2. Против всех,,,Benicio Del Toro,6,первая часть понравилась намного больше.
2018,Upgrade,Апгрейд,"Action, Sci-Fi, Thriller",,,7,"сай-фай-киберпанк тематика подкупает, видно что бюджет низкий, но сделано хорошо, очень хорошо."
2018,Venom,Веном,,,,2,хуйня
2018,Creed II,Крид 2,"Drama, Sport",Steven Caple Jr.,"Michael B. Jordan, Sylvester Stallone",6,старый добрый Rocky на новый лад.
2018,Bumblebee,Бамблби,"Action, Adventure, Sci-Fi",Travis Knight,,5,"вот тут приятный дизайн роботов, хорошая музыка, фильм подростковый, но это его не портит."